{
  "project_info": {
    "project_number": "1076159004982",
    "project_id": "labisa-69ce5",
    "storage_bucket": "labisa-69ce5.appspot.com"
  },
  "client": [
    {
      "client_info": {
        "mobilesdk_app_id": "1:1076159004982:android:f3c627b3d945b6999d7397",
        "android_client_info": {
          "package_name": "com.socialnetworksallinone.mediacube3d"
        }
      },
      "oauth_client": [
        {
          "client_id": "1076159004982-guk19k2ev2q4hnnmtscfufaovellclrc.apps.googleusercontent.com",
          "client_type": 3
        }
      ],
      "api_key": [
        {
          "current_key": "AIzaSyCnEUoJUUrUPaJ9Isy54sEflnCMcuDBXc4"
        }
      ],
      "services": {
        "appinvite_service": {
          "other_platform_oauth_client": [
            {
              "client_id": "1076159004982-guk19k2ev2q4hnnmtscfufaovellclrc.apps.googleusercontent.com",
              "client_type": 3
            }
          ]
        }
      }
    },
    {
      "client_info": {
        "mobilesdk_app_id": "1:1076159004982:android:68d03f40d983e2fb9d7397",
        "android_client_info": {
          "package_name": "com.soft.labisa"
        }
      },
      "oauth_client": [
        {
          "client_id": "1076159004982-qnrj2sc9it9uh1bp2m55uhud0dk1s7kf.apps.googleusercontent.com",
          "client_type": 1,
          "android_info": {
            "package_name": "com.soft.labisa",
            "certificate_hash": "712ca6b6335c3751d0ebb9d6b23b705f730ccd43"
          }
        },
        {
          "client_id": "1076159004982-guk19k2ev2q4hnnmtscfufaovellclrc.apps.googleusercontent.com",
          "client_type": 3
        }
      ],
      "api_key": [
        {
          "current_key": "AIzaSyCnEUoJUUrUPaJ9Isy54sEflnCMcuDBXc4"
        }
      ],
      "services": {
        "appinvite_service": {
          "other_platform_oauth_client": [
            {
              "client_id": "1076159004982-guk19k2ev2q4hnnmtscfufaovellclrc.apps.googleusercontent.com",
              "client_type": 3
            }
          ]
        }
      }
    }
  ],
  "configuration_version": "1"
}